{"temperature": 25.435357666015648, "precipitation": 1159.0655421940521, "ndvi": 0.34945317725752506, "no2_concentration": 7.633795694216457e-05, "urban_fraction": null}