{"temperature": null, "precipitation": 1072.462514666124, "ndvi": 0.3298790969899666, "no2_concentration": 8.664417666229473e-05, "urban_fraction": null}