{"temperature": 25.435357666015648, "precipitation": 1160.3694720873386, "ndvi": 0.34786555183946494, "no2_concentration": 7.647048746297098e-05, "urban_fraction": null}