{"temperature": null, "precipitation": 882.6738277948821, "ndvi": 0.3429596153846154, "no2_concentration": 9.124480466450028e-05, "urban_fraction": null}