{"temperature": null, "precipitation": 1297.576660646269, "ndvi": 0.3410364548494983, "no2_concentration": 8.357519504749909e-05, "urban_fraction": null}