{"temperature": 24.570520019531273, "precipitation": 1005.9263511333737, "ndvi": 0.3065109531772575, "no2_concentration": 9.252574726290619e-05, "urban_fraction": null}