{"temperature": 24.570520019531273, "precipitation": 1004.9505996289979, "ndvi": 0.30762525083612036, "no2_concentration": 9.239872425693628e-05, "urban_fraction": null}