{"temperature": null, "precipitation": 881.5394494166741, "ndvi": 0.34435167224080265, "no2_concentration": 9.113959121795359e-05, "urban_fraction": null}