{"temperature": 24.356713867187523, "precipitation": 1293.6309740153642, "ndvi": 0.31771881270903013, "no2_concentration": null, "urban_fraction": null}