{"temperature": null, "precipitation": 1298.971536475592, "ndvi": 0.3396693979933111, "no2_concentration": 8.36739788768513e-05, "urban_fraction": null}