{"temperature": null, "precipitation": 1073.1050557653205, "ndvi": 0.32856295986622075, "no2_concentration": 8.676765835956449e-05, "urban_fraction": null}