{"temperature": null, "precipitation": 1326.616712888631, "ndvi": 0.32125351170568567, "no2_concentration": 7.938435657279544e-05, "urban_fraction": null}