{"temperature": 24.356713867187523, "precipitation": 1291.9464052044427, "ndvi": 0.31899882943143815, "no2_concentration": null, "urban_fraction": null}