{"temperature": 23.920800781250023, "precipitation": 901.3034896030306, "ndvi": 0.30840635451505016, "no2_concentration": 8.377720440338447e-05, "urban_fraction": null}