{"temperature": null, "precipitation": 1328.4230627983882, "ndvi": 0.3200250836120402, "no2_concentration": 7.952133612260428e-05, "urban_fraction": null}