{"temperature": 23.920800781250023, "precipitation": 902.305925220072, "ndvi": 0.3072050167224081, "no2_concentration": 8.38752839007575e-05, "urban_fraction": null}